510(k) #,Device Name,Company,Decision Date,Therapeutic Area,Device Category,Technology Keywords,Commercial Stage,Service Opportunities,Sales Trigger Summary,Urgency
K254249,HKT Anatomical Locking Trauma System,"Hankil Tech Medical Co., Ltd.",2026-02-27,Orthopedic,Prosthetic/Implant,trauma fixation; locking plate; bone fracture; anatomical plating; titanium implant,Growth Phase,Contract Manufacturing; Sterilization Services; Biocompatibility Testing; Regulatory Consulting,"Hankil Tech (South Korea) clearing a trauma plating system in the US signals international market expansion. They'll need US-based contract manufacturing, sterilization validation, and distribution partners to scale domestically.",4
K253778,Allday Moisturizing Rinse,Elevate Oral Care,2026-02-27,Dental,Therapeutic Device,oral care; moisturizing rinse; xerostomia; dental hygiene; mucosal care,Established/Iterative,Contract Manufacturing; Packaging & Labeling; Regulatory Consulting; Post-Market Surveillance,"Elevate Oral Care is expanding their dental product line with a new moisturizing rinse formulation. As a specialty oral care company, they likely outsource manufacturing — packaging and contract fill partners should engage.",2
K253797,One-Stop,"Mediclus Co., Ltd.",2026-02-27,Dental,Implantable Device,dental implant; one-piece implant; osseointegration; titanium dental; oral surgery,Growth Phase,Contract Manufacturing; Biocompatibility Testing; Sterilization Services; Quality System Implementation,Mediclus (South Korea) is entering the US dental implant market — a highly competitive space requiring precision manufacturing and rigorous biocompatibility testing. US-based manufacturing and quality consultants should reach out now.,4
K253695,LigaMend,"Riverpoint Medical, LLC",2026-02-27,Orthopedic,Implantable Device,ligament repair; meniscal fixation; arthroscopic surgery; soft tissue repair; suture anchor,Growth Phase,Contract Manufacturing; Sterilization Services; Clinical Trial Management; Design Verification & Validation,Riverpoint Medical's LigaMend clearance for soft tissue repair positions them in the growing arthroscopic surgery market. Post-clearance manufacturing scale-up and V&V for design iterations are immediate needs.,4
K253536,Evala Nerve Stimulator (EPNR002),"Epineuron Technologies, Inc.",2026-02-27,ENT,Therapeutic Device,nerve stimulation; peripheral nerve repair; electrical stimulation; neuromuscular; nerve regeneration,Early Commercial,Contract Manufacturing; Regulatory Consulting; Clinical Trial Management; Quality System Implementation,"Epineuron Technologies is a startup-stage company with a novel nerve stimulation platform. As an early-commercial company they'll need full-service support — manufacturing, clinical evidence generation, and quality system buildout.",5
K252714,C-Lant Port,"Vigor Medical Technologies, Ltd.",2026-02-27,Gastroenterology/Urology,Implantable Device,implantable port; vascular access; infusion port; central venous access; chemotherapy delivery,Growth Phase,Contract Manufacturing; Sterilization Services; Biocompatibility Testing; Packaging & Labeling,Vigor Medical Technologies (international) clearing an implantable port for the US market indicates commercial expansion. Implantable ports require strict sterilization and biocompatibility protocols — specialized service providers should engage.,3
K253828,Medical Alexandrite and Nd:YAG Laser Therapy System (CM11LP),"Beijing HuaCheng Taike Technology Co., Ltd.",2026-02-27,Dermatology,Therapeutic Device,alexandrite laser; Nd:YAG laser; aesthetic dermatology; laser therapy; skin treatment,Growth Phase,Regulatory Consulting; Quality System Implementation; Design Verification & Validation; Post-Market Surveillance,Beijing HuaCheng is pushing dual-wavelength laser systems into the US aesthetic market. Chinese manufacturers entering the US need extensive regulatory and quality system support for FDA compliance — consultants should act quickly.,4
K251998,Atellica CH Diazo Total Bilirubin (D_TBil),"Siemens Healthcare Diagnostics, Inc.",2026-02-27,Diagnostics/Imaging,In Vitro Diagnostic,bilirubin assay; clinical chemistry; automated analyzer; IVD reagent; hepatic function,Established/Iterative,Post-Market Surveillance; Quality System Implementation; Regulatory Consulting; Packaging & Labeling,Siemens Healthcare Diagnostics expanding their Atellica chemistry menu is routine iteration for an established IVD platform. Low urgency but steady opportunity for reagent manufacturing and compliance support partners.,1
K253829,Medical Ultra-Pico Laser Treatment System (CM-SP-1064&532),"Beijing HuaCheng Taike Technology Co., Ltd.",2026-02-27,Dermatology,Therapeutic Device,picosecond laser; tattoo removal; pigment treatment; aesthetic laser; skin rejuvenation,Growth Phase,Regulatory Consulting; Quality System Implementation; Design Verification & Validation; Post-Market Surveillance,Second laser system from Beijing HuaCheng cleared the same day — they're aggressively expanding their US aesthetic device portfolio. Dual clearances signal a serious market push; regulatory and quality partners are needed immediately.,4
K260292,HOTWIRE RF GUIDEWIRE,Atraverse Medical,2026-02-27,Cardiovascular,Catheter/Delivery System,RF guidewire; chronic total occlusion; CTO crossing; radiofrequency; interventional cardiology,Early Commercial,Contract Manufacturing; Sterilization Services; Clinical Trial Management; Regulatory Consulting,"Special 510(k) clearance with third-party review for an RF-enabled guidewire — Atraverse Medical is a newer entrant in the CTO crossing space. This is a high-acuity, high-value device category with complex manufacturing needs. Engage now.",5
K252448,AViTA Pulse Oximeter (SP61),Avita Corporation,2026-02-27,Cardiovascular,Wearable Monitor,pulse oximetry; SpO2 monitoring; vital signs; patient monitoring; portable diagnostics,Growth Phase,Contract Manufacturing; Design Verification & Validation; Packaging & Labeling; Post-Market Surveillance,Avita Corporation clearing a new pulse oximeter model suggests product line expansion. Pulse ox is a crowded market — they'll need competitive manufacturing costs and efficient packaging to win market share.,2
K253535,Ligence Heart,Ligence UAB,2026-02-27,Diagnostics/Imaging,Software as Medical Device,AI echocardiography; cardiac imaging AI; automated echo analysis; machine learning; cardiac function,Early Commercial,Regulatory Consulting; Clinical Trial Management; Quality System Implementation; Post-Market Surveillance,"Ligence (Lithuania) clearing an AI-powered cardiac imaging platform in the US is a major market entry signal. SaMD companies need specialized regulatory, clinical evidence, and algorithm change management support — high-value engagement.",5
K254017,SWINGO-3D Lumbar Cage System,Implanet,2026-02-26,Orthopedic,Prosthetic/Implant,lumbar fusion; interbody cage; 3D-printed implant; spinal surgery; vertebral stabilization,Growth Phase,Contract Manufacturing; Biocompatibility Testing; Sterilization Services; Design Verification & Validation,Implanet (France) expanding their spinal implant portfolio into the US market with a 3D lumbar cage system. International companies scaling in the US need domestic manufacturing and testing partners for supply chain efficiency.,3
K251700,Ganymede Wound Care Matrix,Speciality Fibres and Materials Limited,2026-02-26,Wound Care,Therapeutic Device,wound dressing; wound care matrix; advanced wound management; bioactive fibers; tissue regeneration,Early Commercial,Contract Manufacturing; Sterilization Services; Biocompatibility Testing; Regulatory Consulting,"Speciality Fibres and Materials (UK) clearing a full wound care matrix product line (multiple sizes) signals aggressive US market entry. They'll need US manufacturing, sterilization, and distribution infrastructure — act now before they lock in partners.",5
K254251,InnovexView Hysteroscope,"Shanghai AnQing Medical Instrument Co., Ltd.",2026-02-26,Obstetrics/Gynecology,Diagnostic Imaging,hysteroscopy; endoscopic visualization; gynecological imaging; minimally invasive; uterine diagnosis,Growth Phase,Contract Manufacturing; Sterilization Services; Design Verification & Validation; Packaging & Labeling,Shanghai AnQing is entering the US hysteroscopy market with multiple scope configurations. Chinese endoscope manufacturers entering the US need quality system alignment and manufacturing partners to compete with established players like Olympus and Karl Storz.,3
